PRAGMA foreign_keys=OFF;
BEGIN TRANSACTION;
CREATE TABLE Curso (
        codigo integer,
        nome text,
        PRIMARY KEY (codigo)
    );
INSERT INTO Curso VALUES(1,'ciência da computação');
INSERT INTO Curso VALUES(2,'engenharia ambiental');
INSERT INTO Curso VALUES(3,'engenharia civil');
INSERT INTO Curso VALUES(4,'engenharia de alimentos');
INSERT INTO Curso VALUES(5,'engenharia eletrônica');
INSERT INTO Curso VALUES(6,'engenharia química');
INSERT INTO Curso VALUES(7,'licenciatura em química');
INSERT INTO Curso VALUES(8,'engenharia da computação');
CREATE TABLE Disciplina (
        codigo text,
        nome text,
        professor text,
        cod_curso integer,
        PRIMARY KEY (codigo),
        FOREIGN KEY (cod_curso)
            REFERENCES Curso (codigo)
                ON DELETE CASCADE
    );
INSERT INTO Disciplina VALUES('LM31A','Lógica Matemática (IC1A_CM)','prof0',1);
INSERT INTO Disciplina VALUES('IC31A','INTRODUÇÃO A CIENCIA DA COMPUTAÇÃO (IC1A_CM)','prof1',1);
INSERT INTO Disciplina VALUES('GA3X1','GEOMETRIA ANALÍTICA E ÁLGEBRA LINEAR (IC1A_CM)','prof2',1);
INSERT INTO Disciplina VALUES('EP3XA','Ética, Profissão e Cidadania (IC1A_CM)','prof3',1);
INSERT INTO Disciplina VALUES('CV31A','COMUNICAÇÃO LINGUISTICA (IC1A_CM)','prof4',1);
INSERT INTO Disciplina VALUES('CD3X1','CALCULO DIFERENCIAL E INTEGRAL 1 (IC1A_CM)','prof5',1);
INSERT INTO Disciplina VALUES('BCC31A','ALGORITMOS (IC1B_CM)','prof6',1);
INSERT INTO Disciplina VALUES('AT31A','Atividades Complementares (IC2A_CM)','prof8',1);
INSERT INTO Disciplina VALUES('PB3XA','PROBABILIDADE E ESTATÍSTICA (IC2A_CM)','prof9',1);
INSERT INTO Disciplina VALUES('BCC32C','FUNDAMENTOS DE ADMINISTRACAO (IC2A_CM)','prof10',1);
INSERT INTO Disciplina VALUES('FS3X3','FISICA 3 (IC2B_CM)','prof11',1);
INSERT INTO Disciplina VALUES('BCC32B','Elementos de Lógica Digital','prof13',1);
INSERT INTO Disciplina VALUES('BCC32A','ALGORITMOS E ESTRUTURAS DE DADOS 1 (IC2A_CM)','prof14',1);
INSERT INTO Disciplina VALUES('BCC33A','Algoritmos E Estruturas De Dados 2 (IC3A_CM)','prof15',1);
INSERT INTO Disciplina VALUES('BCC33D','ANALISE E PROJETO ORIENTADO A OBJETOS (IC3B_CM)','prof16',1);
INSERT INTO Disciplina VALUES('BCC33C','INTERACAO HOMEM-COMPUTADOR (IC3A_CM)','prof18',1);
INSERT INTO Disciplina VALUES('CN3XA','CALCULO NUMERICO (IC3A_CM)','prof19',1);
INSERT INTO Disciplina VALUES('BCC33E','BANCO DE DADOS 1 (IC3B_CM)','prof20',1);
INSERT INTO Disciplina VALUES('BCC33B','ARQUITETURA E ORGANIZACAO DE COMPUTADORES (IC3B_CM)','prof22',1);
INSERT INTO Disciplina VALUES('BCC34A','Analise De Algoritmos (IC4A_CM)','prof26',1);
INSERT INTO Disciplina VALUES('BCC34C','SISTEMAS MICROCONTROLADOS (IC4B_CM)','prof28',1);
INSERT INTO Disciplina VALUES('BCC34G','SISTEMAS OPERACIONAIS (IC4A_CM)','prof29',1);
INSERT INTO Disciplina VALUES('BCC34D','REDES DE COMPUTADORES 1 (IC4A_CM)','prof31',1);
INSERT INTO Disciplina VALUES('BCC34F','PROGRAMACAO DE APLICATIVOS (IC4A_CM)','prof32',1);
INSERT INTO Disciplina VALUES('BCC34B','LINGUAGENS FORMAIS, AUTOMATOS E COMPUTABILIDADE (IC4A_CM)','prof33',1);
INSERT INTO Disciplina VALUES('BCC34E','BANCO DE DADOS 2 (IC4A_CM)','prof34',1);
INSERT INTO Disciplina VALUES('BCC35B','TEORIA DOS GRAFOS (IC5A_CM)','prof35',1);
INSERT INTO Disciplina VALUES('BCC35D','REDES DE COMPUTADORES 2 (IC5A_CM)','prof36',1);
INSERT INTO Disciplina VALUES('BCC35C','PROJETO INTEGRADOR (IC5A_CM)','prof37',1);
INSERT INTO Disciplina VALUES('BCC35A','Linguagens de Programação (IC5A_CM)','prof38',1);
INSERT INTO Disciplina VALUES('BCC35G','INTELIGENCIA ARTIFICIAL (IC5A_CM)','prof39',1);
INSERT INTO Disciplina VALUES('BCC35E','Engenharia de Software 1 (IC5A_CM)','prof40',1);
INSERT INTO Disciplina VALUES('BCC35F','Computação Gráfica (IC5A_CM)','prof41',1);
INSERT INTO Disciplina VALUES('BCC36C','SISTEMAS DISTRIBUIDOS (IC6A_CM)','prof42',1);
INSERT INTO Disciplina VALUES('BCC36D','SEGURANCA E AUDITORIA DE SISTEMAS (IC6A_CM)','prof43',1);
INSERT INTO Disciplina VALUES('BCC36F','Processamento de Imagens (IC6A_CM)','prof44',1);
INSERT INTO Disciplina VALUES('BCC36A','METODOLOGIA DE PESQUISA (IC6A_CM)','prof45',1);
INSERT INTO Disciplina VALUES('BCC36E','ENGENHARIA DE SOFTWARE 2 (IC6A_CM)','prof46',1);
INSERT INTO Disciplina VALUES('BCC36B','Compiladores (IC6A_CM)','prof47',1);
INSERT INTO Disciplina VALUES('BCC37C','Trabalho De Conclusão De Curso I (IC71A_CM)','prof48',1);
INSERT INTO Disciplina VALUES('BCC37B','Topicos Avancados Em Ciencia Da Computacao 1 (IC7B_CM)','prof49',1);
INSERT INTO Disciplina VALUES('BCC38B','Topicos Avancados Em Ciencia Da Computacao 2 (IC8B_CM)','prof52',1);
INSERT INTO Disciplina VALUES('ES38A','Estagio Supervisionado (IC8A_CM)','prof53',1);
INSERT INTO Disciplina VALUES('TCC2','TRABALHO DE CONCLUSÃO DE CURSO (IC8A_CM)','prof54',1);
INSERT INTO Disciplina VALUES('LT39C','EMPREENDEDORISMO (IC8A_CM)','prof55',1);
INSERT INTO Disciplina VALUES('BCC38A','EMPREENDEDORISMO (IC8A_CM)','prof57',1);
INSERT INTO Disciplina VALUES('EA31B','COMPUTAÇÃO I (IF1B_CM)','prof58',2);
INSERT INTO Disciplina VALUES('EA31G','QUÍMICA (IF1B_CM)','prof59',2);
INSERT INTO Disciplina VALUES('EA31E','INTRODUÇÃO À ENGENHARIA (IF1A_CM)','prof61',2);
INSERT INTO Disciplina VALUES('EA31D','ECOLOGIA BÁSICA (IF1A_CM)','prof62',2);
INSERT INTO Disciplina VALUES('EA31F','MATEMÁTICA I (IF1A_CM)','prof64',2);
INSERT INTO Disciplina VALUES('EA31C','COMUNICAÇÃO ORAL E ESCRITA (IF1A_CM)','prof65',2);
INSERT INTO Disciplina VALUES('EA31A','CALCULO DIFERENCIAL E INTEGRAL I (IF1A_CM)','prof66',2);
INSERT INTO Disciplina VALUES('EA32G','Hidrologia Aplicada (IF2B_CM)','prof67',2);
INSERT INTO Disciplina VALUES('EA32E','GEOLOGIA E PEDOLOGIA (IF2B_CM)','prof70',2);
INSERT INTO Disciplina VALUES('EA32D','ECOSSISTEMAS (IF2B_CM)','prof72',2);
INSERT INTO Disciplina VALUES('EA32F','MATEMÁTICA II (IF2A_CM)','prof74',2);
INSERT INTO Disciplina VALUES('EA32C','FISICA I (IF2B_CM)','prof75',2);
INSERT INTO Disciplina VALUES('EA32A','CALCULO DIFERENCIAL E INTEGRAL II (IF2A_CM)','prof77',2);
INSERT INTO Disciplina VALUES('EA33A','Desenho Técnico (IF3B_CM)','prof78',2);
INSERT INTO Disciplina VALUES('EA33G','QUÍMICA ORGÂNICA E BIOQUMICA (IF3B_CM)','prof79',2);
INSERT INTO Disciplina VALUES('EA33H','MECÂNICA I (IF3A_CM)','prof81',2);
INSERT INTO Disciplina VALUES('EA33F','FENÔMENOS DE TRANSPORTE (IF3B_CM)','prof82',2);
INSERT INTO Disciplina VALUES('EA33D','BIOLOGIA GERAL (IF3B_CM)','prof85',2);
INSERT INTO Disciplina VALUES('EA33E','METODOLOGIA DE PESQUISA (IF3A_CM)','prof87',2);
INSERT INTO Disciplina VALUES('EA33C','FISICA II (IF3B_CM)','prof88',2);
INSERT INTO Disciplina VALUES('EA34G','QUIMICA ANALÍTICA QUANTITATIVA (IF4B_CM)','prof90',2);
INSERT INTO Disciplina VALUES('EA34E','GEOMORFOLOGIA (IF4A_CM)','prof92',2);
INSERT INTO Disciplina VALUES('EA34A','CARTOGRAFIA (IF4B_CM)','prof93',2);
INSERT INTO Disciplina VALUES('EA34H','MECÂNICA II (IF4A_CM)','prof95',2);
INSERT INTO Disciplina VALUES('EA34C','FISICA III (IF4B_CM)','prof96',2);
INSERT INTO Disciplina VALUES('EA34D','CALCULO NUMERICO (IF4A_CM)','prof98',2);
INSERT INTO Disciplina VALUES('EA35E','ZOOLOGIA APLICADA (IF5B_CM)','prof99',2);
INSERT INTO Disciplina VALUES('EA35B','TOPOGRAFIA (IF5A_CM)','prof101',2);
INSERT INTO Disciplina VALUES('EA35F','RESISTÊNCIA DOS MATERIAIS (IF5A_CM)','prof102',2);
INSERT INTO Disciplina VALUES('EA35G','LEGISLAÇÃO AMBIENTAL (IF5A_CM)','prof103',2);
INSERT INTO Disciplina VALUES('EA35A','GEOPROCESSAMENTO (IF5B_CM)','prof104',2);
INSERT INTO Disciplina VALUES('EA35D','ECOLOGIA VEGETAL (IF5A_CM)','prof106',2);
INSERT INTO Disciplina VALUES('EA35C','PROBABILIDADE E ESTATÍSTICA (IF5A_CM) - Eng. Ambiental','prof107',2);
INSERT INTO Disciplina VALUES('EA36F','Introdução A Processos Industriais (IF6B_CM)','prof108',2);
INSERT INTO Disciplina VALUES('EA36B','BIODIVERSIDADE (IF6B_CM)','prof109',2);
INSERT INTO Disciplina VALUES('EA36G','USO E CONSERVAÇÃO DO SOLO (IF6A_CM)','prof110',2);
INSERT INTO Disciplina VALUES('EA36C','PRINCÍPIOS DE ELETROTÉCNICA (IF6A_CM)','prof111',2);
INSERT INTO Disciplina VALUES('EA36H','HIDRÁULICA (IF6A_CM)','prof113',2);
INSERT INTO Disciplina VALUES('EA36A','GESTÃO EMPRESARIAL (IF6A_CM)','prof114',2);
INSERT INTO Disciplina VALUES('EA36E','ECONOMIA (IF6A_CM)','prof115',2);
INSERT INTO Disciplina VALUES('EA36D','BIOESTATÍSTICA (IF6B_CM)','prof116',2);
INSERT INTO Disciplina VALUES('EA37D','MICROBIOLOGIA AMBIENTAL (IF7B_CM)','prof119',2);
INSERT INTO Disciplina VALUES('EA37F','SISTEMA DE GESTÃO AMBIENTAL (IF7A_CM)','prof120',2);
INSERT INTO Disciplina VALUES('EA37B','MANEJO DE RECURSOS NATURAIS (IF7B_CM)','prof122',2);
INSERT INTO Disciplina VALUES('EA37H','GESTÃO DE QUALIDADE (IF7A_CM)','prof124',2);
INSERT INTO Disciplina VALUES('EA37G','GERENCIAMENTO E TRATAMENTO DE EMISSÕES ATMOSFÉRICAS (IF7A_CM)','prof125',2);
INSERT INTO Disciplina VALUES('EA37C','CONVERSÃO, CONSERVAÇÃO DE ENERGIA E EFICIÊCIA ENERGÉTICA (IF7A_CM)','prof126',2);
INSERT INTO Disciplina VALUES('EA37A','AVALIAÇÃO DE IMPACTOS AMBIENTAIS (IF7A_CM)','prof127',2);
INSERT INTO Disciplina VALUES('EA37E','ADMINISTRAÇÃO FINANCEIRA (IF7A_CM)','prof128',2);
INSERT INTO Disciplina VALUES('EA38A','RECUPERAÇÃO DE ÁREAS DEGRADADAS (IF8A_CM)','prof129',2);
INSERT INTO Disciplina VALUES('EA38E','GERENCIAMENTO E TRATAMENTO DE ÁGUA (IF8A_CM)','prof130',2);
INSERT INTO Disciplina VALUES('EA38B','GERENCIAMENTO E TRATAMENTO DE RESÍDUOS SÓLIDOS (IF8A_CM)','prof131',2);
INSERT INTO Disciplina VALUES('EA38D','FUNDAMENTOS DE ENGENHARIA DE SEGURANÇA DO TRABALHO (IF8A_CM)','prof132',2);
INSERT INTO Disciplina VALUES('EA38C','FONTES DE ENERGIA (IF8A_CM)','prof133',2);
INSERT INTO Disciplina VALUES('EA38F','AUDITORIA AMBIENTAL (IF8A_CM)','prof134',2);
INSERT INTO Disciplina VALUES('EA39B','Bioprocessos E Biotecnologia Aplicada (IF9B_CM)','prof135',2);
INSERT INTO Disciplina VALUES('LA38O','Licenciamento Ambiental (IF9A_CM)','prof136',2);
INSERT INTO Disciplina VALUES('TC39A','Trabalho De Conclusão De Curso I (IF9A_CM)','prof137',2);
INSERT INTO Disciplina VALUES('EA39C','GERENCIAMENTO E TRATAMENTO DE EFLUENTES (IF9A_CM)','prof138',2);
INSERT INTO Disciplina VALUES('EA39A','ÉTICA, PROFISSÃO E CIDADANIA (IF9A_CM)','prof139',2);
INSERT INTO Disciplina VALUES('IE3X1','INTRODUÇÃO A ENGENHARIA (ID1A_CM)','prof141',3);
INSERT INTO Disciplina VALUES('EG3X1','EXPRESSÃO GRAFICA (ID1B_CM)','prof142',3);
INSERT INTO Disciplina VALUES('FS3X1','FISICA 1 (ID1B_CM)','prof144',3);
INSERT INTO Disciplina VALUES('CV32C','PROJETO DE EDIFICIOS (ID2B_CM)','prof150',3);
INSERT INTO Disciplina VALUES('CV32B','CIENCIA DOS MATERIAIS PARA ENGENHARIA CIVIL (ID2B_CM)','prof152',3);
INSERT INTO Disciplina VALUES('CV32A','FUNDAMENTOS DE PROGRAMAÇÃO (ID2A_CM)','prof154',3);
INSERT INTO Disciplina VALUES('FS3XB','FISICA 2 (ID2B_CM)','prof155',3);
INSERT INTO Disciplina VALUES('CD3X2','CALCULO DIFERENCIAL E INTEGRAL 2 (ID2A_CM)','prof157',3);
INSERT INTO Disciplina VALUES('PB3XB','PROBABILIDADE E ESTATISTICA (ID2A_CM)','prof158',3);
INSERT INTO Disciplina VALUES('CV33A','MATERIAIS DE CONSTRUÇÃO CIVIL A (ID3B_CM)','prof159',3);
INSERT INTO Disciplina VALUES('CV33B','TOPOGRAFIA (ID3A_CM)','prof161',3);
INSERT INTO Disciplina VALUES('MP3X1','METODOLOGIA DE PESQUISA (ID3A_CM)','prof162',3);
INSERT INTO Disciplina VALUES('MG3XB','MECANICA GERAL 1 (ID3A_CM)','prof163',3);
INSERT INTO Disciplina VALUES('ED3XB','EQUAÇOES DIFERENCIAIS ORDINARIAS (ID3A_CM)','prof164',3);
INSERT INTO Disciplina VALUES('CD3X3','CALCULO DIFERENCIAL E INTEGRAL 3 (ID3A_CM)','prof165',3);
INSERT INTO Disciplina VALUES('CV35F','Projeto Geometrico De Estradas (ID4A_CM)','prof168',3);
INSERT INTO Disciplina VALUES('CV34F','TRANSPORTES (ID4A_CM)','prof169',3);
INSERT INTO Disciplina VALUES('CV34C','RESISTÊNCIA DOS MATERIAIS 1 (ID4A_CM)','prof170',3);
INSERT INTO Disciplina VALUES('CV34E','MATERIAIS DE CONSTRUÇÃO CIVIL B (ID4B_CM)','prof171',3);
INSERT INTO Disciplina VALUES('CA3XA','CIENCIAS DO AMBIENTE (ID4A_CM)','prof173',3);
INSERT INTO Disciplina VALUES('CV34D','GEOLOGIA APLICADA A ENGENHARIA (ID4A_CM)','prof174',3);
INSERT INTO Disciplina VALUES('MG3XD','MECANICA GERAL 2 (ID4A_CM)','prof175',3);
INSERT INTO Disciplina VALUES('CN3XB','CALCULO NUMERICO (ID4A_CM)','prof176',3);
INSERT INTO Disciplina VALUES('CV35D','TEORIA DAS ESTRUTURAS 1 (ID5A_CM)','prof177',3);
INSERT INTO Disciplina VALUES('CV35E','TECNOLOGIA DA CONSTRUÇÃO CIVIL 1 (ID5A_CM)','prof178',3);
INSERT INTO Disciplina VALUES('CV35C','RESISTENCIA DOS MATERIAIS 2 (ID5A_CM)','prof179',3);
INSERT INTO Disciplina VALUES('CV35B','MECANICA DOS SOLOS (ID5A_CM)','prof181',3);
INSERT INTO Disciplina VALUES('CV35A','MECANICA DOS FLUIDOS E TRANSFERENCIA DE CALOR E MASSA (ID5B_CM)','prof182',3);
INSERT INTO Disciplina VALUES('CV36E','TEORIA DAS ESTRUTURAS 2 (ID6A_CM)','prof184',3);
INSERT INTO Disciplina VALUES('CV36F','TECNOLOGIA DA CONSTRUÇÃO CIVIL 2 (ID6A_CM)','prof185',3);
INSERT INTO Disciplina VALUES('CV36H','PROJETO DE PAVIMENTAÇÃO (ID6A_CM)','prof186',3);
INSERT INTO Disciplina VALUES('CV36G','LOGÍSTICA E GERÊNCIA DE MATERIAIS (ID6A_CM)','prof187',3);
INSERT INTO Disciplina VALUES('CV36A','INSTALAÇÕES ELETRICAS PREDIAIS (ID6A_CM)','prof188',3);
INSERT INTO Disciplina VALUES('CV36D','FUNDAÇÕES (ID6A_CM)','prof189',3);
INSERT INTO Disciplina VALUES('CV36B','ADMINISTRAÇÃO (ID6A_CM)','prof190',3);
INSERT INTO Disciplina VALUES('CV36C','HIDRAULICA (ID6A_CM)','prof191',3);
INSERT INTO Disciplina VALUES('CV37E','QUALIDADE NA CONSTRUÇÃO CIVIL (ID7A_CM)','prof192',3);
INSERT INTO Disciplina VALUES('CV37B','INSTALAÇÕES HIDROSSANITÁRIAS PREDIAIS (ID7B_CM)','prof193',3);
INSERT INTO Disciplina VALUES('ST3XA','FUNDAMENTOS DE ENGENHARIA DE SEGURANÇA DO TRABALHO (ID7A_CM)','prof195',3);
INSERT INTO Disciplina VALUES('CV37D','CONSTRUÇÕES EM MADEIRA (ID7A_CM)','prof196',3);
INSERT INTO Disciplina VALUES('CV37C','CONCRETO ARMADO1 (ID7A_CM)','prof197',3);
INSERT INTO Disciplina VALUES('CV37A','SANEAMENTO (ID7A_CM)','prof198',3);
INSERT INTO Disciplina VALUES('HA3XA','HIDROLOGIA APLICADA (ID7A_CM)','prof199',3);
INSERT INTO Disciplina VALUES('EC3XA','ECONOMIA (ID7A_CM)','prof200',3);
INSERT INTO Disciplina VALUES('CV38B','Sistemas Hidraulicos Urbanos (ID8B_CM)','prof201',3);
INSERT INTO Disciplina VALUES('CV38A','GESTAO AMBIENTAL (ID8A_CM)','prof202',3);
INSERT INTO Disciplina VALUES('CV38E','CONSTRUÇÕES METÁLICAS (ID8A_CM)','prof203',3);
INSERT INTO Disciplina VALUES('CV38D','CONCRETO ARMADO 2 (ID8A_CM)','prof204',3);
INSERT INTO Disciplina VALUES('CV38C','ESPECIFICAÇÕES E ORÇAMENTOS (ID8A_CM)','prof206',3);
INSERT INTO Disciplina VALUES('CV38F','ENGENHARIA ECONOMICA (ID8A_CM)','prof207',3);
INSERT INTO Disciplina VALUES('TCC1','TRABALHO DE CONCLUSÃO DE CURSO (ID9A_CM)','prof208',3);
INSERT INTO Disciplina VALUES('CV39D','PATOLOGIA E RECUPERAÇÃO DAS CONSTRUÇÕES (ID9A_CM)','prof209',3);
INSERT INTO Disciplina VALUES('CV39A','GESTAO DE PROJETOS DE EDIFICIOS (ID9A_CM)','prof210',3);
INSERT INTO Disciplina VALUES('CV39C','ESTRUTURAS DE FUNDAÇÕES (ID9A_CM)','prof212',3);
INSERT INTO Disciplina VALUES('CV39B','GERENCIAMENTO DE OBRAS (ID9A_CM)','prof213',3);
INSERT INTO Disciplina VALUES('EL31H','INTRODUÇÃO À ENGENHARIA DE ALIMENTOS (IG1A_CM)','prof216',4);
INSERT INTO Disciplina VALUES('EL31I','FUNDAMENTOS DE QUÍMICA (IG1A_CM)','prof217',4);
INSERT INTO Disciplina VALUES('EL32L','QUÍMICA ORGÂNICA (IG2A_CM)','prof222',4);
INSERT INTO Disciplina VALUES('EL32K','QUÍMICA EXPERIMENTAL (IG2B_CM)','prof223',4);
INSERT INTO Disciplina VALUES('EL32J','FÍSICO-QUIMICA (IG2A_CM)','prof225',4);
INSERT INTO Disciplina VALUES('ED3XA','EQUAÇÕES DIFERENCIAIS E ORDINÁRIAS (IG2A_CM)','prof228',4);
INSERT INTO Disciplina VALUES('EL33M','QUÍMICA ANALÍTICA QUANTITATIVA (IG3B_CM)','prof231',4);
INSERT INTO Disciplina VALUES('EL33N','DESENHO TÉCNICO (IG3A_CM)','prof233',4);
INSERT INTO Disciplina VALUES('EL33L','CINÉTICA APLICADA (IG3B_CM)','prof234',4);
INSERT INTO Disciplina VALUES('EL33K','BIOQUÍMICA GERAL (IG3B_CM)','prof236',4);
INSERT INTO Disciplina VALUES('MG3XA','MECANICA GERAL 1 (IG3A_CM)','prof238',4);
INSERT INTO Disciplina VALUES('EL34L','Microbiologia Geral (IG4B_CM)','prof242',4);
INSERT INTO Disciplina VALUES('EL34N','QUÍMICA DE ALIMENTOS (IG4B_CM)','prof244',4);
INSERT INTO Disciplina VALUES('EL34M','FUNDAMENTOS DE NUTRIÇÃO (IG4A_CM)','prof247',4);
INSERT INTO Disciplina VALUES('EL34K','FUNDAMENTOS DE ENGENHARIA DE ALIMENTOS (IG4B_CM)','prof248',4);
INSERT INTO Disciplina VALUES('EL34J','ESTATÍSTICA APLICADA (IG4A_CM)','prof250',4);
INSERT INTO Disciplina VALUES('MG3XC','MECANICA GERAL 2 (IG4A_CM)','prof251',4);
INSERT INTO Disciplina VALUES('EL35P','Microbiologia De Alimentos (IG5B_CM)','prof253',4);
INSERT INTO Disciplina VALUES('EL35N','ANÁLISE SENSORIAL (IG5B_CM)','prof254',4);
INSERT INTO Disciplina VALUES('EL35J','TERMODINÂMICA 1 (IG5A_CM)','prof255',4);
INSERT INTO Disciplina VALUES('EL35E','PRINCÍPIO DA RESISTÊNCIA DOS MATERIAIS (IG5A_CM)','prof256',4);
INSERT INTO Disciplina VALUES('EL35I','MECÂNICA DOS FLUÍDOS (IG5A_CM)','prof258',4);
INSERT INTO Disciplina VALUES('EL35K','MATÉRIAS-PRIMAS AGROPECUÁRIAS (IG5A_CM)','prof259',4);
INSERT INTO Disciplina VALUES('EL35M','GESTÃO DA PRODUÇÃO (IG5A_CM)','prof260',4);
INSERT INTO Disciplina VALUES('EL35L','ANÁLISE DE ALIMENTOS 1 (IG5A_CM)','prof262',4);
INSERT INTO Disciplina VALUES('EL36H','TRANSFERÊNCIA DE CALOR (IG6A_CM)','prof263',4);
INSERT INTO Disciplina VALUES('EL36I','TERMODINÂMICA 2 (IG6A_CM)','prof264',4);
INSERT INTO Disciplina VALUES('EL36N','SEGURANÇA DO TRABALHO (IG6A_CM)','prof265',4);
INSERT INTO Disciplina VALUES('EL36J','OPERAÇÕES UNITÁRIAS 1 (IG6A_CM)','prof266',4);
INSERT INTO Disciplina VALUES('EL36M','HIGIENE E SEGURANÇA ALIMENTAR (IG6A_CM)','prof267',4);
INSERT INTO Disciplina VALUES('EL36K','ANÁLISE DE ALIMENTOS 2 (IG6A_CM)','prof268',4);
INSERT INTO Disciplina VALUES('EL36L','INSTALAÇÕES EM SISTEMAS INDUSTRIAIS (IG6A_CM)','prof269',4);
INSERT INTO Disciplina VALUES('EL37N','VIABILIDADE FINANCEIRA E ECONÔMICA DE PROJETOS (IG7A_CM)','prof270',4);
INSERT INTO Disciplina VALUES('EL37I','TRANSFERÊNCIA DE MASSA (IG7A_CM)','prof271',4);
INSERT INTO Disciplina VALUES('TLD37O','TECNOLOGIA DE LEITE E DERIVADOS (IG7A_CM)','prof272',4);
INSERT INTO Disciplina VALUES('EL37M','SISTEMAS DE QUALIDADE (IG7A_CM)','prof273',4);
INSERT INTO Disciplina VALUES('EL37J','OPERAÇÕES UNITÁRIAS 2 (IG7A_CM)','prof274',4);
INSERT INTO Disciplina VALUES('EL37L','INSTRUMENTAÇÃO INSDUSTRIAL E CONTROLE DE PROCESSOS (IG7A_CM)','prof275',4);
INSERT INTO Disciplina VALUES('TEA39O','TÓPICOS ESPECIAIS EM ENGENHARIA DE ALIMENTOS 1 (IG7A_CM)','prof276',4);
INSERT INTO Disciplina VALUES('EL37C','TECNOLOGIA DE CARNES, DERIVADOS E PESCADOS (IG7A_CM)','prof277',4);
INSERT INTO Disciplina VALUES('EL37D','EMBALAGENS (IG7A_CM)','prof278',4);
INSERT INTO Disciplina VALUES('EL38K','Pericia E Avaliação (IG8A_CM)','prof279',4);
INSERT INTO Disciplina VALUES('EL38H','Operações Unitárias 3 (IG8A_CM)','prof280',4);
INSERT INTO Disciplina VALUES('EL38M','Desenvolvimento De Novos Produtos (IG8A_CM)','prof281',4);
INSERT INTO Disciplina VALUES('EL38D','TRATAMENTO DE ÁGUA E EFLUENTES (IG8A_CM)','prof282',4);
INSERT INTO Disciplina VALUES('TFH37O','TECNOLOGIA DE FRUTAS E HORTALIÇAS (IG8A_CM)','prof283',4);
INSERT INTO Disciplina VALUES('EL38L','ENGENHARIA BIOQUÍMICA (IG8A_CM)','prof284',4);
INSERT INTO Disciplina VALUES('EL38G','TOXICOLOGIA DE ALIMENTOS (IG8A_CM)','prof285',4);
INSERT INTO Disciplina VALUES('EL38I','MODELAGEM E SIMUÇÃO DE PROCESSOS (IG8A_CM)','prof287',4);
INSERT INTO Disciplina VALUES('EL38A','ENGENHARIA BIOQUÍMICA (IG8A_CM)','prof288',4);
INSERT INTO Disciplina VALUES('EL38C','DESENVOLVIMENTO DE NOVOS PRODUTOS (IG8A_CM)','prof289',4);
INSERT INTO Disciplina VALUES('EL39G','Ciclos Termodinamicos E Refrigeracao (IG9A_CM)','prof291',4);
INSERT INTO Disciplina VALUES('EL39F','Laboratório De Fenômenos De Transporte E Operações Unitárias (IG9B_CM)','prof292',4);
INSERT INTO Disciplina VALUES('EL39H','Tratamento De Água E Efluentes (IG9A_CM)','prof294',4);
INSERT INTO Disciplina VALUES('EL39E','PLANEJAMENTO DE PROJETOS (IG9A_CM)','prof296',4);
INSERT INTO Disciplina VALUES('EL39D','PERÍCIA E AVALIAÇÃO (IG9A_CM)','prof297',4);
INSERT INTO Disciplina VALUES('EL39A','ÉTICA, PROFISSÃO E CIDADANIA (IG9A_CM)','prof298',4);
INSERT INTO Disciplina VALUES('LT31A','FUNDAMENTOS DE PROGRAMAÇÃO 1 (IL1A_CM)','prof302',5);
INSERT INTO Disciplina VALUES('LT31B','DESENHO ELÉTRICO (IL1B_CM)','prof305',5);
INSERT INTO Disciplina VALUES('CL3X1','COMUNICAÇÃO ORAL E ESCRITA (IL1A_CM)','prof307',5);
INSERT INTO Disciplina VALUES('QM3XA','QUÍMICA (IL2B_CM)','prof311',5);
INSERT INTO Disciplina VALUES('MP3XA','METODOLOGIA DE PESQUISA (IL2A_CM)','prof313',5);
INSERT INTO Disciplina VALUES('LT32A','Fundamento de Programação 2 (IL2A_CM)','prof314',5);
INSERT INTO Disciplina VALUES('LT33A','PRINCIPIOS DE CIRCUITOS ELETRICOS (IL3B_CM)','prof320',5);
INSERT INTO Disciplina VALUES('FS3X4','FISICA 4 (IL3A_CM)','prof322',5);
INSERT INTO Disciplina VALUES('LT33B','ESTRUTURA DE DADOS1 (IL3A_CM)','prof323',5);
INSERT INTO Disciplina VALUES('LT33C','ELETROMAGNETISMO (IL3A_CM)','prof325',5);
INSERT INTO Disciplina VALUES('LT34B','MATERIAIS E DISPOSITIVOS (TSPO_CM)','prof328',5);
INSERT INTO Disciplina VALUES('LT34D','METROLOGIA ELÉTRICA (IL4A_CM)','prof329',5);
INSERT INTO Disciplina VALUES('LT34A','MÉTODOS DE MATEMÁTICA APLICADA (IL4A_CM)','prof330',5);
INSERT INTO Disciplina VALUES('FT3XA','FENOMENOS DE TRANSPORTE 1 (IL4A_CM)','prof333',5);
INSERT INTO Disciplina VALUES('LT34C','CIRCUITOS ELÉTRICOS (IL4B_CM)','prof334',5);
INSERT INTO Disciplina VALUES('LT34E','ARQUITETURA E ORGANIZAÇÃO DE COMPUTADORES (IL4A_CM)','prof336',5);
INSERT INTO Disciplina VALUES('LT35C','CIRCUITOS DIGITAIS (TSPO_CM)','prof338',5);
INSERT INTO Disciplina VALUES('LT35A','SINAIS E SISTEMAS (IL5A_CM)','prof340',5);
INSERT INTO Disciplina VALUES('LT35D','PRINCIPIOS DE MAQUINAS ELETRICAS (IL5A_CM)','prof341',5);
INSERT INTO Disciplina VALUES('LT35B','ELETRÔNICA BÁSICA (IL5B_CM)','prof343',5);
INSERT INTO Disciplina VALUES('LT36E','Eletrônica De Potência (IL6B_CM)','prof346',5);
INSERT INTO Disciplina VALUES('LT36F','SENSORES INDUSTRIAIS (IL6A_CM)','prof347',5);
INSERT INTO Disciplina VALUES('LT36A','PROCESSAMENTO DIGITAL DE SINAIS (IL6A_CM)','prof348',5);
INSERT INTO Disciplina VALUES('LT36D','MICROCONTROLADORES (IL6A_CM)','prof349',5);
INSERT INTO Disciplina VALUES('LT36B','CONTROLE 1 (IL6A_CM)','prof351',5);
INSERT INTO Disciplina VALUES('LT36C','AMPLIFICADORES (IL6A_CM)','prof352',5);
INSERT INTO Disciplina VALUES('LT37D','SISTEMAS OPERACIONAIS (IL7A_CM)','prof353',5);
INSERT INTO Disciplina VALUES('LT37E','PRINCÍPIOS DE ENGENHARIA BIOMÉDICA (IL7A_CM)','prof354',5);
INSERT INTO Disciplina VALUES('LT37A','INTRODUÇÃO A PROJETOS DE CIS DEDICADOS (IL7A_CM)','prof355',5);
INSERT INTO Disciplina VALUES('LT37F','GESTÃO DE PESSOAS (IL7A_CM)','prof356',5);
INSERT INTO Disciplina VALUES('LT37C','FUNDAMENTOS DE COMUNICAÇÕES (IL7A_CM)','prof357',5);
INSERT INTO Disciplina VALUES('LT37B','CONTROLE 2 (IL7A_CM)','prof358',5);
INSERT INTO Disciplina VALUES('LT38C','SISTEMAS EMBARCADOS (IL8A_CM)','prof360',5);
INSERT INTO Disciplina VALUES('LT38A','PROJETO DE CIRCUITOS INTEGRADOS SEMIDEDICADOS (IL8A_CM)','prof361',5);
INSERT INTO Disciplina VALUES('LT38B','CONTROLE SUPERVISÓRIO (IL8A_CM)','prof362',5);
INSERT INTO Disciplina VALUES('CA3XB','CIENCIAS AMBIENTAIS (IL8A_CM)','prof363',5);
INSERT INTO Disciplina VALUES('LT39A','PROJETO DE SISTEMAS INTEGRADOS (IL9B_CM)','prof364',5);
INSERT INTO Disciplina VALUES('LT39B','ENGENHARIA DO PRODUTO (IL9A_CM)','prof366',5);
INSERT INTO Disciplina VALUES('LT30A','Viabilidade Economica E Financeira De Projetos (IL10A_CM)','prof368',5);
INSERT INTO Disciplina VALUES('EQ31A','Introdução À Engenharia Química (IQ1A_CM)','prof370',6);
INSERT INTO Disciplina VALUES('EQ33C','Química Orgânica Experimental (IQ3A_CM)','prof389',6);
INSERT INTO Disciplina VALUES('EQ33B','Fundamentos Dos Cálculos Em Engenharia (IQ3A_CM)','prof390',6);
INSERT INTO Disciplina VALUES('LQM31G','Metodologia Da Pesquisa (NQ1A_CM)','prof394',7);
INSERT INTO Disciplina VALUES('LQM31C','Química Geral Teórica (NQ1A_CM)','prof395',7);
INSERT INTO Disciplina VALUES('LQM31E','Química E O Mundo Do Trabalho (NQ1A_CM)','prof396',7);
INSERT INTO Disciplina VALUES('LQM31D','Química Geral Experimental (NQ1B_CM)','prof397',7);
INSERT INTO Disciplina VALUES('LQM31F','História Da Educação (NQ1A_CM)','prof398',7);
INSERT INTO Disciplina VALUES('LQM31B','Comunicação E Linguística (NQ1A_CM)','prof399',7);
INSERT INTO Disciplina VALUES('LQM31A','Tópicos De Matemática 1 (NQ1A_CM)','prof400',7);
INSERT INTO Disciplina VALUES('LQ31E','SEGURANÇA QUIMICA (NQ1B_CM)','prof402',7);
INSERT INTO Disciplina VALUES('LQ31C','QUIMICA GERAL (NQ1B_CM)','prof404',7);
INSERT INTO Disciplina VALUES('LQ31D','A QUIMICA E O MUNDO DE TRABALHO (NQ1A_CM)','prof406',7);
INSERT INTO Disciplina VALUES('LQ31G','METODOLOGIA DA PESQUISA EM EDUCAÇAO (NQ1A_CM)','prof407',7);
INSERT INTO Disciplina VALUES('LQ31B','GEOMETRIA ANALITICA E ALGEBRA LINEAR (NQ1A_CM)','prof408',7);
INSERT INTO Disciplina VALUES('LQ31F','COMUNICAÇAO LINGUISTICA (NQ1A_CM)','prof409',7);
INSERT INTO Disciplina VALUES('LQ31A','CALCULO DIFERENCIAL E INTEGRAL 1 (NQ1A_CM)','prof410',7);
INSERT INTO Disciplina VALUES('LQM32C','Química Analítica 1 (NQ2B_CM)','prof411',7);
INSERT INTO Disciplina VALUES('LQM32A','Tópicos De Matemática 2 (NQ2A_CM)','prof412',7);
INSERT INTO Disciplina VALUES('LQM32F','Políticas Públicas Educacionais (NQ2A_CM)','prof414',7);
INSERT INTO Disciplina VALUES('LQM32B','Geoquímica (NQ2B_CM)','prof415',7);
INSERT INTO Disciplina VALUES('LQM32D','Fundamentos De Química Inorgânica (NQ2A_CM)','prof420',7);
INSERT INTO Disciplina VALUES('LQM32E','Introdução A História, Filosofia E Sociologia Das Ciências (NQ2A_CM)','prof421',7);
INSERT INTO Disciplina VALUES('LQ32E','Historia Da Educaçao (NQ2A_CM)','prof422',7);
INSERT INTO Disciplina VALUES('LQ32H','Atividades Complementares (NQ2A_CM)','prof423',7);
INSERT INTO Disciplina VALUES('LQ32C','QUIMICA INORGANICA 1 (NQ2B_CM)','prof424',7);
INSERT INTO Disciplina VALUES('LQ32D','QUIMICA ANALITICA 1 (NQ2A_CM)','prof426',7);
INSERT INTO Disciplina VALUES('LQ32G','FILOSOFIA GERAL (NQ2A_CM)','prof428',7);
INSERT INTO Disciplina VALUES('LQ32A','CALCULO DIFERENCIAL E INTEGRAL 2 (NQ2A_CM)','prof429',7);
INSERT INTO Disciplina VALUES('LQ32F','LIBRAS 1 (NQ2A_CM)','prof430',7);
INSERT INTO Disciplina VALUES('LQM33C','Termodinâmica E Equilíbrio (NQ3A_CM)','prof431',7);
INSERT INTO Disciplina VALUES('LQM33G','Projeto Integrador: Química E Sociedade (NQ3B_CM)','prof432',7);
INSERT INTO Disciplina VALUES('LQM33F','Psicologia Da Educação (NQ3A_CM)','prof434',7);
INSERT INTO Disciplina VALUES('LQM33A','Tópicos De Matemática 3 (NQ3A_CM)','prof437',7);
INSERT INTO Disciplina VALUES('LQM33B','Probabilidade E Estatística (NQ3A_CM)','prof438',7);
INSERT INTO Disciplina VALUES('LQM33D','Química Orgânica Teórica 1 (NQ3A_CM)','prof439',7);
INSERT INTO Disciplina VALUES('LQM33E','Ensino De Química E Sociedade (NQ3A_CM)','prof440',7);
INSERT INTO Disciplina VALUES('LQ33E','Psicologia Da Educaçao (NQ3A_CM)','prof441',7);
INSERT INTO Disciplina VALUES('LQ33B','FISICA 2 (NQ3B_CM)','prof442',7);
INSERT INTO Disciplina VALUES('LQ33A','FISICO-QUIMICA 1 (NQ3A_CM)','prof444',7);
INSERT INTO Disciplina VALUES('LQ33C','QUIMICA ORGANICA 1 (NQ3B_CM)','prof445',7);
INSERT INTO Disciplina VALUES('LQ33D','PROBABILIDADE E ESTATISTICA (NQ3A_CM)','prof449',7);
INSERT INTO Disciplina VALUES('LQ33F','LIBRAS 2 (NQ3A_CM)','prof450',7);
INSERT INTO Disciplina VALUES('LQM34D','Físico-Química De Superfícies E Soluções (NQ4A_CM)','prof451',7);
INSERT INTO Disciplina VALUES('LQM34B','Química Ambiental Básica (NQ4A_CM)','prof452',7);
INSERT INTO Disciplina VALUES('LQM34C','Química Analítica 2 (NQ4A_CM)','prof453',7);
INSERT INTO Disciplina VALUES('LQM34G','Didática Geral (NQ4A_CM)','prof454',7);
INSERT INTO Disciplina VALUES('LQM34E','Química Orgânica Teórica 2 (NQ4A_CM)','prof455',7);
INSERT INTO Disciplina VALUES('LQM35D','Química Orgânica Experimental (NQ4A_CM)','prof456',7);
INSERT INTO Disciplina VALUES('LQM34F','Educação Especial E Inclusão Escolar (NQ4A_CM)','prof457',7);
INSERT INTO Disciplina VALUES('LQM34A','Tópicos De Física 1 (NQ4A_CM)','prof458',7);
INSERT INTO Disciplina VALUES('LQ34C','Quimica Organica 2 (NQ4A_CM)','prof459',7);
INSERT INTO Disciplina VALUES('LQ34F','Politicas Educacionais (NQ4A_CM)','prof460',7);
INSERT INTO Disciplina VALUES('LQ34E','Didatica (NQ4A_CM)','prof461',7);
INSERT INTO Disciplina VALUES('LQ34B','FISICA 3 (NQ4B_CM)','prof462',7);
INSERT INTO Disciplina VALUES('LQ34D','QUIMICA ANALITICA 2 (NQ4A_CM)','prof463',7);
INSERT INTO Disciplina VALUES('LQ34A','FISICO-QUIMICA 2 (NQ4A_CM)','prof466',7);
INSERT INTO Disciplina VALUES('LQM35C','Cinética Química (NQ5A_CM)','prof470',7);
INSERT INTO Disciplina VALUES('LQM35E','Organização E Gestão Escolar (NQ5A_CM)','prof471',7);
INSERT INTO Disciplina VALUES('LQM35A','Tópicos De Física 2 (NQ5A_CM)','prof472',7);
INSERT INTO Disciplina VALUES('LQM35F','Teorias Do Currículo, Diversidade E Cultura (NQ5A_CM)','prof473',7);
INSERT INTO Disciplina VALUES('LQM35B','Química De Coordenação (NQ5A_CM)','prof474',7);
INSERT INTO Disciplina VALUES('LQM35G','Estágio Curricular Supervisionado 1 (NQ5A_CM)','prof475',7);
INSERT INTO Disciplina VALUES('LQ35E','Organizaçao E Gestao Escolar (NQ5A_CM)','prof476',7);
INSERT INTO Disciplina VALUES('LQ35C','QUIMICA INORGANICA 2 (NQ5A_CM)','prof477',7);
INSERT INTO Disciplina VALUES('LQ35F','METODOLOGIA E PRATICA DE ENSINO DE QUIMICA 1 (NQ5A_CM)','prof479',7);
INSERT INTO Disciplina VALUES('LQ35G','ESTAGIO SUPERVISIONADO 1 (NQ5A_CM)','prof480',7);
INSERT INTO Disciplina VALUES('LQ35A','FISICO-QUIMICA 3 (NQ5A_CM)','prof481',7);
INSERT INTO Disciplina VALUES('LQ35B','METODOS INSTRUMENTAIS DE ANALISE (NQ5A_CM)','prof482',7);
INSERT INTO Disciplina VALUES('LQM36C','Eletroquímica (NQ6A_CM)','prof483',7);
INSERT INTO Disciplina VALUES('LQM36F','Trabalho De Conclusão De Curso 1 (NQ6A_CM)','prof484',7);
INSERT INTO Disciplina VALUES('LQM36A','Métodos Instrumentais De Análise (NQ6A_CM)','prof485',7);
INSERT INTO Disciplina VALUES('LQM36D','Instrumentação Para O Ensino De Química 1 (NQ6A_CM)','prof486',7);
INSERT INTO Disciplina VALUES('LQM36E','Estágio Curricular Supervisionado 2 (NQ6A_CM)','prof487',7);
INSERT INTO Disciplina VALUES('LQM36B','Métodos Físicos Em Análise Orgânica (NQ6A_CM)','prof488',7);
INSERT INTO Disciplina VALUES('LQ36F','METODOLOGIA E PRATICA DE ENSINO DE QUIMICA 2 (NQ6A_CM)','prof489',7);
INSERT INTO Disciplina VALUES('LQ36E','FUNDAMENTOS DE CONTROLE DE QUALIDADE (NQ6A_CM)','prof490',7);
INSERT INTO Disciplina VALUES('LQ36G','ESTAGIO SUPERVISIONADO 2 (NQ6A_CM)','prof491',7);
INSERT INTO Disciplina VALUES('LQ36C','BIOQUIMICA (NQ6A_CM)','prof492',7);
INSERT INTO Disciplina VALUES('LQ36D','MINERALOGIA (NQ6A_CM)','prof493',7);
INSERT INTO Disciplina VALUES('LQ36B','METODOS CROMATOGRAFICOS (NQ6A_CM)','prof494',7);
INSERT INTO Disciplina VALUES('LQ36A','ESTRATEGIA EM EDUCAÇAO AMBIENTAL (NQ6A_CM)','prof495',7);
INSERT INTO Disciplina VALUES('LQM37C','Métodos Cromatográficos (NQ7A_CM)','prof496',7);
INSERT INTO Disciplina VALUES('LQM37A','Fundamentos De Controle De Qualidade (NQ7A_CM)','prof497',7);
INSERT INTO Disciplina VALUES('LQM37E','Instrumentação Para O Ensino De Química 2 (NQ7A_CM)','prof498',7);
INSERT INTO Disciplina VALUES('LQM37F','Estágio Curricular Supervisionado 3 (NQ7A_CM)','prof499',7);
INSERT INTO Disciplina VALUES('LQM37B','Bioquímica (NQ7A_CM)','prof500',7);
INSERT INTO Disciplina VALUES('QIO37O','QUIMICA INDUSTRIAL (NQ7A_CM)','prof501',7);
INSERT INTO Disciplina VALUES('LQ37E','TRABALHO DE CONCLUSAO DE CURSO 1 (NQ7A_CM)','prof502',7);
INSERT INTO Disciplina VALUES('LQ37B','QUIMICA ORGANICA E EXPERIMENTAL (NQ7A_CM)','prof503',7);
INSERT INTO Disciplina VALUES('LQ37F','METODOLOGIA E PRATICA DE ENSINO DE QUIMICA 3 (NQ7A_CM)','prof504',7);
INSERT INTO Disciplina VALUES('LQ37G','ESTAGIO SUPERVISIONADO 3 (NQ7A_CM)','prof505',7);
INSERT INTO Disciplina VALUES('LQ37A','FISICO-QUIMICA 4 (NQ7A_CM)','prof506',7);
INSERT INTO Disciplina VALUES('LQM38A','Química Do Estado Sólido (NQ8A_CM)','prof507',7);
INSERT INTO Disciplina VALUES('LQM38D','Estágio Curricular Supervisionado 4 (NQ8A_CM)','prof508',7);
INSERT INTO Disciplina VALUES('LQM38B','Microbiologia (NQ8A_CM)','prof509',7);
INSERT INTO Disciplina VALUES('LQ38A','MICROBIOLOGIA (NQ8A_CM)','prof510',7);
INSERT INTO Disciplina VALUES('LQ38F','METODOLOGIA E PRATICA DE ENSINO DE QUIMICA 4 (NQ8A_CM)','prof511',7);
INSERT INTO Disciplina VALUES('LQ38G','ESTAGIO SUPERVISIONADO 4 (NQ8A_CM)','prof512',7);
CREATE TABLE Aluno (
        ra integer,
        nome text ,
        periodo integer,
        cod_curso integer,
        PRIMARY KEY (ra),
        FOREIGN KEY (cod_curso)
            REFERENCES Curso (codigo)
                ON DELETE CASCADE
    );
INSERT INTO Aluno VALUES(0,'Elias',3,1);
INSERT INTO Aluno VALUES(1,'Owen',8,4);
INSERT INTO Aluno VALUES(2,'Tamisha',2,2);
INSERT INTO Aluno VALUES(3,'Randall',8,6);
INSERT INTO Aluno VALUES(4,'Hertha',5,5);
INSERT INTO Aluno VALUES(5,'Sandi',1,7);
INSERT INTO Aluno VALUES(6,'Reynalda',8,6);
INSERT INTO Aluno VALUES(7,'Horacio',7,3);
INSERT INTO Aluno VALUES(8,'Debra',1,3);
INSERT INTO Aluno VALUES(9,'Deandrea',2,2);
INSERT INTO Aluno VALUES(10,'Karina',2,3);
INSERT INTO Aluno VALUES(11,'Rupert',4,5);
INSERT INTO Aluno VALUES(12,'Hal',6,3);
INSERT INTO Aluno VALUES(13,'Enriqueta',4,2);
INSERT INTO Aluno VALUES(14,'Lee',1,4);
INSERT INTO Aluno VALUES(15,'Estella',4,7);
INSERT INTO Aluno VALUES(16,'Emerald',1,6);
INSERT INTO Aluno VALUES(17,'Valda',4,4);
INSERT INTO Aluno VALUES(18,'Elton',4,4);
INSERT INTO Aluno VALUES(19,'Edgar',2,1);
INSERT INTO Aluno VALUES(20,'Teri',1,3);
INSERT INTO Aluno VALUES(21,'Ted',7,5);
INSERT INTO Aluno VALUES(22,'Marguerita',2,6);
INSERT INTO Aluno VALUES(23,'Tammera',7,1);
INSERT INTO Aluno VALUES(24,'Ciara',8,5);
INSERT INTO Aluno VALUES(25,'Dwain',1,2);
INSERT INTO Aluno VALUES(26,'Veronika',2,1);
INSERT INTO Aluno VALUES(27,'Toccara',5,3);
INSERT INTO Aluno VALUES(28,'Kraig',8,7);
INSERT INTO Aluno VALUES(29,'Clarisa',3,7);
INSERT INTO Aluno VALUES(30,'Phyliss',4,6);
INSERT INTO Aluno VALUES(31,'Lelia',8,4);
INSERT INTO Aluno VALUES(32,'Markus',6,7);
INSERT INTO Aluno VALUES(33,'Melba',4,6);
INSERT INTO Aluno VALUES(34,'Edmund',1,3);
INSERT INTO Aluno VALUES(35,'Tiny',6,5);
INSERT INTO Aluno VALUES(36,'Dell',3,7);
INSERT INTO Aluno VALUES(37,'Norris',2,4);
INSERT INTO Aluno VALUES(38,'Particia',5,5);
INSERT INTO Aluno VALUES(39,'Janie',3,4);
INSERT INTO Aluno VALUES(40,'Rolando',6,2);
INSERT INTO Aluno VALUES(41,'Garrett',1,5);
INSERT INTO Aluno VALUES(42,'Emmanuel',7,1);
INSERT INTO Aluno VALUES(43,'Bethel',8,2);
INSERT INTO Aluno VALUES(44,'Jasmin',8,7);
INSERT INTO Aluno VALUES(45,'Modesto',2,6);
INSERT INTO Aluno VALUES(46,'Neal',4,1);
INSERT INTO Aluno VALUES(47,'Jarrett',4,3);
INSERT INTO Aluno VALUES(48,'Mikaela',7,1);
INSERT INTO Aluno VALUES(49,'Ida',6,7);
CREATE TABLE Matricula (
        ra integer,
        cod_disciplina text,
        ano integer,
        semestre integer,
        nota real,
        faltas integer,
        PRIMARY KEY (ra, cod_disciplina, ano, semestre),
        FOREIGN KEY (ra)
            REFERENCES Aluno (ra)
                ON DELETE CASCADE,
        FOREIGN KEY (cod_disciplina)
            REFERENCES Disciplina (codigo)
                ON DELETE CASCADE
    );
INSERT INTO Matricula VALUES(23,'BCC36B',2019,7,9.5,5);
INSERT INTO Matricula VALUES(39,'MG3XB',2017,7,0.9,3);
INSERT INTO Matricula VALUES(18,'EL39A',2017,3,7.7999999999999998223,8);
INSERT INTO Matricula VALUES(50,'FS3X3',2017,2,4.5,17);
INSERT INTO Matricula VALUES(19,'TLD37O',2017,5,9.0,14);
INSERT INTO Matricula VALUES(35,'LQM36C',2017,4,1.8,19);
INSERT INTO Matricula VALUES(8,'EL38L',2019,5,0.3,15);
INSERT INTO Matricula VALUES(43,'BCC33B',2018,5,5.7000000000000001776,13);
INSERT INTO Matricula VALUES(13,'EA31F',2019,3,6.4000000000000003552,20);
INSERT INTO Matricula VALUES(39,'LQM35B',2017,8,5.7999999999999998223,18);
INSERT INTO Matricula VALUES(44,'CV37B',2017,2,8.0999999999999996447,17);
INSERT INTO Matricula VALUES(48,'EA34E',2017,8,5.7000000000000001776,18);
INSERT INTO Matricula VALUES(44,'BCC35D',2017,4,2.6000000000000000888,9);
INSERT INTO Matricula VALUES(15,'LQ34C',2018,4,5.0999999999999996447,0);
INSERT INTO Matricula VALUES(36,'EA38B',2017,8,2.7999999999999998223,19);
INSERT INTO Matricula VALUES(36,'LT34D',2018,1,3.6000000000000000888,13);
INSERT INTO Matricula VALUES(27,'EL37D',2017,5,8.9000000000000003552,4);
INSERT INTO Matricula VALUES(42,'LQ33E',2017,5,5.9000000000000003552,5);
INSERT INTO Matricula VALUES(35,'EL37L',2018,8,2.5,3);
INSERT INTO Matricula VALUES(15,'FS3X3',2019,3,6.0,17);
INSERT INTO Matricula VALUES(37,'LQM32A',2017,5,3.6000000000000000888,12);
INSERT INTO Matricula VALUES(23,'LQ32G',2018,1,5.0999999999999996447,0);
INSERT INTO Matricula VALUES(5,'PB3XB',2019,6,5.5,16);
INSERT INTO Matricula VALUES(17,'MG3XC',2019,8,1.3000000000000000444,5);
INSERT INTO Matricula VALUES(23,'LT34B',2019,2,1.6000000000000000888,17);
INSERT INTO Matricula VALUES(19,'LQ34B',2019,3,8.8000000000000007105,15);
INSERT INTO Matricula VALUES(2,'BCC31A',2019,2,0.0,6);
INSERT INTO Matricula VALUES(22,'LQ34E',2017,3,9.8000000000000007105,5);
INSERT INTO Matricula VALUES(38,'EA36C',2018,2,3.7000000000000001776,9);
INSERT INTO Matricula VALUES(2,'LQ32C',2019,6,0.5,14);
INSERT INTO Matricula VALUES(11,'EL32J',2017,7,9.4000000000000003552,13);
INSERT INTO Matricula VALUES(19,'CV34C',2019,3,1.8,18);
INSERT INTO Matricula VALUES(28,'LQM36E',2018,4,4.0999999999999996447,5);
INSERT INTO Matricula VALUES(9,'EA37B',2018,6,3.6000000000000000888,19);
INSERT INTO Matricula VALUES(37,'LQM38A',2019,2,1.3999999999999999111,10);
INSERT INTO Matricula VALUES(14,'EA36B',2019,4,4.7000000000000001776,12);
INSERT INTO Matricula VALUES(6,'MP3XA',2017,1,4.7999999999999998223,11);
INSERT INTO Matricula VALUES(22,'BCC34B',2018,7,5.4000000000000003552,16);
INSERT INTO Matricula VALUES(49,'EA32D',2019,2,6.7000000000000001776,19);
INSERT INTO Matricula VALUES(19,'GA3X1',2018,6,3.5,19);
INSERT INTO Matricula VALUES(12,'FS3X3',2019,2,5.7000000000000001776,10);
INSERT INTO Matricula VALUES(14,'LQM32B',2018,2,6.7000000000000001776,18);
INSERT INTO Matricula VALUES(18,'EA36D',2019,3,3.6000000000000000888,12);
INSERT INTO Matricula VALUES(2,'FS3XB',2018,8,8.5999999999999996447,17);
INSERT INTO Matricula VALUES(47,'EA32E',2019,6,7.7000000000000001776,19);
INSERT INTO Matricula VALUES(31,'LQM32B',2018,7,0.1,17);
INSERT INTO Matricula VALUES(3,'LQM34G',2018,2,2.2000000000000001776,14);
INSERT INTO Matricula VALUES(41,'EL37L',2018,3,4.9000000000000003552,13);
INSERT INTO Matricula VALUES(38,'GA3X1',2018,6,8.1999999999999992894,13);
INSERT INTO Matricula VALUES(43,'EP3XA',2019,1,0.4,2);
INSERT INTO Matricula VALUES(9,'EL33K',2019,4,2.7000000000000001776,9);
INSERT INTO Matricula VALUES(3,'MG3XC',2018,5,2.2000000000000001776,9);
INSERT INTO Matricula VALUES(20,'LT35C',2018,6,6.5,4);
INSERT INTO Matricula VALUES(33,'LQ32H',2019,2,0.1,13);
INSERT INTO Matricula VALUES(46,'LQM34F',2017,6,9.0999999999999996447,5);
INSERT INTO Matricula VALUES(17,'LQ34B',2019,1,8.8000000000000007105,9);
INSERT INTO Matricula VALUES(26,'CV32B',2019,8,2.1000000000000000888,3);
INSERT INTO Matricula VALUES(32,'CV36E',2017,7,3.7999999999999998223,1);
INSERT INTO Matricula VALUES(4,'EL36I',2018,3,5.2000000000000001776,1);
INSERT INTO Matricula VALUES(20,'EL35L',2018,1,1.7,15);
INSERT INTO Matricula VALUES(35,'EA38D',2017,4,6.7000000000000001776,0);
INSERT INTO Matricula VALUES(47,'CV32C',2019,2,9.0999999999999996447,20);
INSERT INTO Matricula VALUES(22,'CV34E',2017,4,2.2999999999999998223,1);
INSERT INTO Matricula VALUES(25,'FS3X3',2019,6,7.7000000000000001776,15);
INSERT INTO Matricula VALUES(22,'EA36C',2019,3,9.0999999999999996447,5);
INSERT INTO Matricula VALUES(44,'EL35P',2019,2,3.9,17);
INSERT INTO Matricula VALUES(16,'EA33C',2018,1,6.7000000000000001776,20);
INSERT INTO Matricula VALUES(7,'BCC33A',2018,7,5.2000000000000001776,13);
INSERT INTO Matricula VALUES(50,'CD3X3',2018,4,4.2999999999999998223,2);
INSERT INTO Matricula VALUES(42,'EL35N',2019,6,3.6000000000000000888,20);
INSERT INTO Matricula VALUES(33,'LQ31A',2019,2,4.2999999999999998223,4);
INSERT INTO Matricula VALUES(22,'EA34G',2017,5,4.0,11);
INSERT INTO Matricula VALUES(9,'LQM33G',2018,7,1.3999999999999999111,17);
INSERT INTO Matricula VALUES(47,'LQM36F',2018,2,6.2999999999999998223,11);
INSERT INTO Matricula VALUES(5,'CV36G',2017,2,4.0,15);
INSERT INTO Matricula VALUES(40,'LQM33F',2019,5,5.7000000000000001776,12);
INSERT INTO Matricula VALUES(45,'CV36D',2019,2,8.3000000000000007105,4);
INSERT INTO Matricula VALUES(40,'LT34D',2018,4,0.2,18);
INSERT INTO Matricula VALUES(50,'BCC33A',2017,1,0.9,5);
INSERT INTO Matricula VALUES(5,'BCC36D',2018,6,9.3000000000000007105,17);
INSERT INTO Matricula VALUES(22,'EA38C',2018,7,1.7,4);
INSERT INTO Matricula VALUES(3,'EA34H',2017,2,1.3000000000000000444,14);
INSERT INTO Matricula VALUES(25,'EA32D',2018,8,2.1000000000000000888,14);
INSERT INTO Matricula VALUES(44,'EL35I',2018,8,6.5,16);
INSERT INTO Matricula VALUES(47,'BCC37B',2017,7,1.6000000000000000888,13);
INSERT INTO Matricula VALUES(46,'LQM33G',2017,8,1.7,19);
INSERT INTO Matricula VALUES(26,'EA39B',2018,4,3.5,11);
INSERT INTO Matricula VALUES(34,'EA33G',2019,8,5.4000000000000003552,15);
INSERT INTO Matricula VALUES(10,'EL39G',2017,8,0.2,13);
INSERT INTO Matricula VALUES(14,'FS3X3',2017,5,10.0,18);
INSERT INTO Matricula VALUES(11,'LQM37B',2019,5,7.5,9);
INSERT INTO Matricula VALUES(35,'EL36I',2018,8,9.5999999999999996447,7);
INSERT INTO Matricula VALUES(32,'LQM35F',2018,4,3.9,0);
INSERT INTO Matricula VALUES(33,'LQ33D',2018,8,7.2999999999999998223,3);
INSERT INTO Matricula VALUES(48,'EA32G',2019,6,8.8000000000000007105,6);
INSERT INTO Matricula VALUES(24,'EL37M',2018,8,0.7,15);
INSERT INTO Matricula VALUES(9,'LQ32G',2017,3,3.2999999999999998223,10);
INSERT INTO Matricula VALUES(18,'LQ36C',2019,6,7.5,20);
INSERT INTO Matricula VALUES(28,'CV36A',2018,6,9.1999999999999992894,10);
INSERT INTO Matricula VALUES(27,'BCC34C',2019,4,9.4000000000000003552,13);
INSERT INTO Matricula VALUES(234,'Rodrigo_Campiolo',2020,2,0.0,0);
INSERT INTO Matricula VALUES(39,'BCC36B',2020,2,0.0,0);
INSERT INTO Matricula VALUES(30,'BCC36B',2020,2,0.0,0);
INSERT INTO Matricula VALUES(28,'BCC36B',2020,2,0.0,0);
INSERT INTO Matricula VALUES(37,'BCC36B',2020,2,0.0,0);
INSERT INTO Matricula VALUES(12,'BCC36B',2020,2,10.0,0);
INSERT INTO Matricula VALUES(12,'CV36A',2020,2,0.0,0);
INSERT INTO Matricula VALUES(12,'LM31A',2020,2,0.0,0);
INSERT INTO Matricula VALUES(13,'LM31A',2020,2,10.0,6);
COMMIT;
